{
    "name": "TI CC3200-LaunchXL",
    "map": {
        "digital": {
            "pins": {
                            "P01":  0, "P02":  1, "P03":  2, "P04":  3,
                "P05":  4,  "P06":  5, "P07":  6, "P08":  7,
                            "P11": 10, "P12": 11, "P13": 12, "P14": 13,
                "P15": 14,  "P16": 15, "P17": 16, "P18": 17, "P19": 18,
                "P20": 19,  "P21": 20,

                "P45": 44,  "P46": 45, "P47": 46, "P48": 47, "P49": 48,
                "P50": 49,             "P52": 51, "P53": 52,
                "P55": 54,  "P56": 55, "P57": 56, "P58": 57, "P59": 58,
                "P60": 59,  "P61": 60, "P62": 61, "P63": 62, "P64": 63
            },
            "ops": [ "dr", "dw" ]
        },
        "analog": {
            "pins": {
                "A0":  23,  "A1":  2, "A2": 6, "A3": 24
            },
            "ops": [ "dr", "dw", "ar" ],
            "arRange": [ 0, 1023 ]
        },
        "pwm": {
            "pins": [
                "9",  "10", "29", "31"
            ],
            "ops": [ "aw" ],
            "awRange": [ 0, 255 ]
        },
        "virtual":  {
            "pinsRange": [ 0, 31 ],
            "ops": [ "vr", "vw" ]
        }
    }
}
