{
    "name": "TI Tiva C Connected",
    "map": {
        "digital": {
            "pins": {
                                        "PE_2":  2, "PH_6":  3, "PH_7":  4,
                "PN_7":  5, "PF_3":  6, "PG_7":  7, "PJ_2":  8, "PB_4":  9,
                "PJ_7": 10, "PN_2": 11, "PN_1": 12, "PN_0": 13, "PG_4": 14,
                "PG_5": 15,                         "PQ_7": 18, "PS_2": 19,
                                                    "PE_3": 23, "PE_6": 24,
                "PK_0": 25, "PK_1": 26, "PK_2": 27, "PK_3": 28, "PE_0": 29,
                "PE_1": 30, "PM_7": 31, "PD_2": 32, "PQ_3": 33, "PS_1": 34,
                "PS_0": 35, "PL_4": 36, "PL_5": 37, "PS_3": 38, "PD_3": 39,
                "PM_5": 40,             "PD_0": 42, "PJ_0": 43, "PJ_1": 44,
                "PT_0": 45, "PT_1": 46, "PA_2": 47, "PS_6": 48, "PS_7": 49,
                "PB_5": 50, "PD_5": 51, "PP_6": 52, "PH_5": 53, "PA_5": 54,
                "PA_4": 55,             "PE_4": 57, "PJ_3": 58, "PD_1": 59,
                            "PN_5": 61, "PQ_4": 62, "PF_1": 63, "PK_4": 64,
                "PK_6": 65, "PN_3": 66, "PE_5": 67, "PP_1": 68, "PA_3": 69,
                "PB_6": 70, "PB_7": 71, "PF_0": 72, "PF_2": 73, "PQ_1": 74,
                "PQ_2": 75, "PD_6": 76, "PD_7": 77, "PD_4": 78, "PE_7": 79,
                "PP_7": 80
            },
            "ops": [ "dr", "dw" ]
        },
        "analog": {
            "pins": {
                "A0":  23, "A1":   2, "A2":  30, "A3":  29, "A4":  77,
                "A5":  76, "A6":  51, "A7":  78, "A8":  67, "A9":  57,
                "A10":  9, "A11": 50, "A12": 39, "A13": 32, "A14": 59,
                "A15": 42, "A16": 25, "A17": 26, "A18": 27, "A19": 28,
                "A20": 24, "A21": 79, "A22": 80, "A23": 52
            },
        "pwm": {
            "pins": [
                "PE_2", "PH_6", "PH_7", "PG_7", "PG_4", "PG_5", "PS_2",
                "PE_3", "PE_6", "PK_0", "PK_1", "PE_1", "PM_7", "PD_2",
                "PQ_3", "PS_1", "PS_0", "PL_4", "PL_5", "PS_3", "PD_3",
                "PM_5"
            ],
            "ops": [ "aw" ],
            "awRange": [ 0, 255 ]
        },
        "virtual":  {
            "pinsRange": [ 0, 31 ],
            "ops": [ "vr", "vw" ]
        }
    }
}
